{
  "name": "tab_compound",
  "description": "Compound concepts vs their constituents: label = (burst AND cnp) OR (foreign AND amount>500). Tests separating a compound typology from its level-0 parts; on_holiday is a structurally-irrelevant distractor.",
  "concept_names": [
    "amount_gt",
    "cnp",
    "foreign",
    "short_burst",
    "on_holiday"
  ],
  "support_mask": [
    true,
    true,
    true,
    true,
    false
  ],
  "gt_interventional": [
    0.646,
    0.2866666666666667,
    0.30133333333333334,
    0.24666666666666667,
    0.0
  ],
  "gt_shapley": [
    0.11566666666666668,
    0.057000000000000016,
    0.11566666666666668,
    0.057000000000000016,
    0.0
  ],
  "definition_gap": 0.10557280900008414,
  "modeA_val_acc": 0.9133333333333333,
  "modeB_val_acc": 0.9206666648387909,
  "modeA_scores": {
    "ics": {
      "rho_interventional": 0.8999999999999998,
      "rho_shapley": 0.9486832980505138,
      "support_leakage": 0.0004981965926295941,
      "pivotal_gate": 0.0003061060961044859,
      "per_concept": [
        0.21288730204105377,
        0.09856731444597244,
        0.19955047965049744,
        0.10552043467760086,
        0.00011954371439060196
      ]
    },
    "tcav": {
      "rho_interventional": 0.0,
      "rho_shapley": 0.0,
      "support_leakage": 0.19999999999996,
      "pivotal_gate": 1.0,
      "per_concept": [
        1.0,
        1.0,
        1.0,
        1.0,
        1.0
      ]
    },
    "cav_ablation": {
      "rho_interventional": 0.8999999999999998,
      "rho_shapley": 0.9486832980505138,
      "support_leakage": 0.000503607485984332,
      "pivotal_gate": 0.0003061202987737488,
      "per_concept": [
        0.2112049013376236,
        0.09716179221868515,
        0.19663338363170624,
        0.10485363751649857,
        0.00011954377259826288
      ]
    },
    "probe_patch": {
      "rho_interventional": 0.8999999999999998,
      "rho_shapley": 0.7378647873726218,
      "support_leakage": 0.0007067001254023787,
      "pivotal_gate": 0.0009554062999086455,
      "per_concept": [
        0.5829561948776245,
        0.295131117105484,
        0.27355635166168213,
        0.20333854854106903,
        0.0003726572322193533
      ]
    },
    "cav_skyline": {
      "rho_interventional": 0.8999999999999998,
      "rho_shapley": 0.9486832980505138,
      "support_leakage": 0.002579531374782655,
      "pivotal_gate": 0.001596800284460187,
      "per_concept": [
        0.21635748445987701,
        0.09765783697366714,
        0.19905506074428558,
        0.10591113567352295,
        0.0014480433892458677
      ]
    }
  },
  "modeB_scores": {
    "ics": {
      "rho_interventional": 0.7,
      "rho_shapley": 0.5270462766947299,
      "support_leakage": 0.034505093993559964,
      "pivotal_gate": 0.0029579175170511007,
      "per_concept": [
        0.033455412834882736,
        0.06674788147211075,
        0.022455403581261635,
        0.0044319406151771545,
        0.00393588375300169
      ]
    },
    "tcav": {
      "rho_interventional": -0.09999999999999999,
      "rho_shapley": -0.15811388300841897,
      "support_leakage": 0.323238162259829,
      "pivotal_gate": 0.7153333333333334,
      "per_concept": [
        0.4693333333333334,
        0.08799999999999997,
        0.30666666666666664,
        0.5306666666666666,
        0.43466666666666665
      ]
    },
    "cav_ablation": {
      "rho_interventional": 0.7,
      "rho_shapley": 0.5270462766947299,
      "support_leakage": 0.034028642654819724,
      "pivotal_gate": 0.0029638652922585607,
      "per_concept": [
        0.03402410075068474,
        0.06884820014238358,
        0.023193610832095146,
        0.004444985184818506,
        0.003948905039578676
      ]
    },
    "probe_patch": {
      "rho_interventional": 0.5499999999999999,
      "rho_shapley": 0.4479893351905204,
      "support_leakage": 0.020410503694222374,
      "pivotal_gate": 0.0041130027966573834,
      "per_concept": [
        0.10171087831258774,
        0.15581658482551575,
        0.12451255321502686,
        0.009443270973861217,
        0.0037537540774792433
      ]
    },
    "input_agg": {
      "rho_interventional": 0.8499999999999999,
      "rho_shapley": 0.7378647873726218,
      "support_leakage": 0.0,
      "pivotal_gate": 0.0,
      "per_concept": [
        0.23877647519111633,
        0.15571042895317078,
        0.1610487699508667,
        0.04067933186888695,
        0.0
      ]
    }
  },
  "audit": {
    "hookpoints": [
      "embed",
      "resid_post_L0",
      "resid_post_L1",
      "pooled"
    ],
    "auc": {
      "embed": [
        0.9994950538226721,
        1.0,
        1.0,
        0.6630229766803841,
        0.6060353535353535
      ],
      "resid_post_L0": [
        0.997199843925727,
        1.0,
        1.0,
        0.7917952674897119,
        0.6632323232323232
      ],
      "resid_post_L1": [
        0.9941472147627901,
        1.0,
        1.0,
        0.814579046639232,
        0.6597727272727272
      ],
      "pooled": [
        0.9899240285524111,
        1.0,
        1.0,
        0.821673525377229,
        0.6485101010101011
      ]
    },
    "best_auc": [
      0.9994950538226721,
      1.0,
      1.0,
      0.821673525377229,
      0.6632323232323232
    ]
  },
  "seeds": [
    0,
    1
  ],
  "tau": 0.1,
  "runtime_s": 83.8
}