{
  "name": "fraud_default",
  "model_auc": 0.9352704937396645,
  "concept_names": [
    "card_not_present",
    "amount_gt_500",
    "atm_withdrawal",
    "foreign_country",
    "micro_amount",
    "fenceable_mcc",
    "is_declined",
    "short_burst",
    "on_holiday",
    "unusual_country",
    "new_device",
    "card_testing",
    "foreign_cashout",
    "account_takeover",
    "first_party"
  ],
  "concept_levels": [
    0,
    0,
    0,
    0,
    0,
    0,
    0,
    1,
    1,
    1,
    1,
    2,
    2,
    2,
    2
  ],
  "gt_global": [
    0.31843575418994413,
    0.553072625698324,
    0.0,
    0.329608938547486,
    0.31843575418994413,
    0.329608938547486,
    0.0,
    0.31843575418994413,
    0.0,
    0.553072625698324,
    0.22346368715083798,
    0.0,
    0.0,
    0.0,
    0.0
  ],
  "methods": {
    "ics": {
      "name": "ics",
      "global_rho": 0.2444945230997304,
      "per_concept": [
        0.000114990230940748,
        0.04108079895377159,
        3.469580042292364e-05,
        0.0001604266872163862,
        0.005852220579981804,
        0.00029189849738031626,
        0.00010246571036987007,
        0.00018408118921797723,
        1.7410558939445764e-05,
        0.00013536143524106592,
        0.007750472519546747,
        0.026615867391228676,
        0.0003603251534514129,
        0.007750472519546747,
        0.00011517746315803379
      ]
    },
    "tcav": {
      "name": "tcav",
      "global_rho": -0.07132965193063646,
      "per_concept": [
        0.3631284916201116,
        0.3296089385474861,
        0.8212290502793296,
        0.9776536312849162,
        0.016759776536312887,
        1.0,
        0.9553072625698324,
        0.9888268156424581,
        0.05027932960893855,
        0.05027932960893855,
        1.0,
        0.3184357541899441,
        0.3743016759776536,
        1.0,
        0.8435754189944134
      ]
    },
    "cav_ablation": {
      "name": "cav_ablation",
      "global_rho": 0.2444945230997304,
      "per_concept": [
        0.00011424277181504294,
        0.04128202423453331,
        3.476451456663199e-05,
        0.0001600523537490517,
        0.005882342346012592,
        0.00029364851070567966,
        0.00010188325541093946,
        0.000183569107321091,
        1.746810448821634e-05,
        0.00013441524060908705,
        0.00772910425439477,
        0.026856523007154465,
        0.000358564720954746,
        0.00772910425439477,
        0.00011537899263203144
      ]
    },
    "probe_patch": {
      "name": "probe_patch",
      "global_rho": 0.27292411880900136,
      "per_concept": [
        0.00041225735913030803,
        0.1897294819355011,
        2.8086680686101317e-05,
        0.0002781134971883148,
        0.1121014952659607,
        0.0005701086483895779,
        7.785733032505959e-05,
        0.0002676410076674074,
        4.8815360059961677e-05,
        0.00020881659293081611,
        0.013347985222935677,
        0.15764999389648438,
        0.0005352116422727704,
        0.013347985222935677,
        0.0002529983757995069
      ]
    }
  },
  "per_typology_hit": {
    "account_takeover": {
      "ics": 0.7638888888888888,
      "tcav": 0.4305555555555555,
      "cav_ablation": 0.7638888888888888,
      "probe_patch": 0.6805555555555556
    },
    "card_testing": {
      "ics": 0.4722222222222222,
      "tcav": 0.36111111111111105,
      "cav_ablation": 0.4722222222222222,
      "probe_patch": 0.5833333333333333
    },
    "first_party": null,
    "foreign_cashout": {
      "ics": 0.6136363636363636,
      "tcav": 0.5113636363636364,
      "cav_ablation": 0.6136363636363636,
      "probe_patch": 0.5909090909090909
    }
  },
  "audit": {
    "hookpoints": [
      "embed",
      "resid_post_L0",
      "resid_post_L1",
      "pooled"
    ],
    "auc": {
      "embed": [
        1.0,
        1.0,
        1.0,
        0.6557659208261617,
        0.9916857202244855,
        1.0,
        1.0,
        0.8569056385820518,
        0.5027777777777778,
        0.9862962962962962,
        1.0,
        1.0,
        0.9874999999999999,
        1.0,
        0.3784208870714061
      ],
      "resid_post_L0": [
        1.0,
        0.9996980676328502,
        1.0,
        0.6713674976403309,
        0.9792143005612138,
        1.0,
        1.0,
        0.8877337376362718,
        0.5158333333333334,
        0.9859259259259259,
        1.0,
        1.0,
        0.9892857142857143,
        1.0,
        0.33438188109468386
      ],
      "resid_post_L1": [
        1.0,
        0.9998490338164251,
        1.0,
        0.6796957414913108,
        0.9733943047183538,
        1.0,
        1.0,
        0.8778427550357375,
        0.5286805555555556,
        0.987037037037037,
        1.0,
        1.0,
        0.9939285714285714,
        1.0,
        0.39414910349166404
      ],
      "pooled": [
        0.9911314285714286,
        0.998792270531401,
        0.9916810547794694,
        0.7368830159347065,
        0.939929328621908,
        0.9529481481481481,
        0.8962711864406779,
        0.8397227636993718,
        0.5753472222222222,
        0.9885185185185186,
        0.9927633342267489,
        1.0,
        0.9785714285714286,
        0.9927633342267489,
        0.530670022019503
      ]
    },
    "best_auc": [
      1.0,
      1.0,
      1.0,
      0.7368830159347065,
      0.9916857202244855,
      1.0,
      1.0,
      0.8877337376362718,
      0.5753472222222222,
      0.9885185185185186,
      1.0,
      1.0,
      0.9939285714285714,
      1.0,
      0.530670022019503
    ]
  },
  "typology_defining": {
    "card_testing": [
      "short_burst",
      "micro_amount",
      "card_not_present"
    ],
    "foreign_cashout": [
      "foreign_country",
      "amount_gt_500",
      "unusual_country",
      "fenceable_mcc"
    ],
    "account_takeover": [
      "new_device",
      "amount_gt_500",
      "unusual_country"
    ],
    "first_party": []
  },
  "runtime_s": 53.1,
  "n": 6000
}