{
  "name": "docs",
  "model_auc": 0.9589986420905333,
  "concept_names": [
    "card_not_present",
    "magstripe_fallback",
    "atm_withdrawal",
    "micro_amount",
    "round_amount",
    "amount_gt_500",
    "fenceable_mcc",
    "gift_card_mcc",
    "crypto_mcc",
    "foreign_country",
    "night_local",
    "is_declined",
    "do_not_honor",
    "cvv_failure",
    "avs_mismatch",
    "three_ds_failed",
    "pin_verified",
    "short_burst",
    "rapid_fire",
    "new_country",
    "new_device",
    "new_ip_subnet",
    "velocity_spike",
    "impossible_travel",
    "unusual_country",
    "on_holiday",
    "account_young",
    "amount_z_extreme"
  ],
  "concept_levels": [
    0,
    0,
    0,
    0,
    0,
    0,
    0,
    0,
    0,
    0,
    0,
    0,
    0,
    0,
    0,
    0,
    0,
    1,
    1,
    1,
    1,
    1,
    1,
    1,
    2,
    2,
    2,
    2
  ],
  "gt_global": [
    0.5060975609756098,
    0.13414634146341464,
    0.14634146341463414,
    0.31097560975609756,
    0.0,
    0.4695121951219512,
    0.1951219512195122,
    0.0,
    0.0,
    0.13414634146341464,
    0.0,
    0.0,
    0.0,
    0.31097560975609756,
    0.0,
    0.0,
    0.0,
    0.0,
    0.31097560975609756,
    0.0,
    0.12804878048780488,
    0.12804878048780488,
    0.14634146341463414,
    0.13414634146341464,
    0.3231707317073171,
    0.0,
    0.0,
    0.0
  ],
  "methods": {
    "ics": {
      "name": "ics",
      "global_rho": 0.024903869389583083,
      "per_concept": [
        0.001891200547106564,
        0.009661557152867317,
        0.00012825675366912037,
        0.037729859352111816,
        0.00012174742732895538,
        0.15858808159828186,
        3.4266897273482755e-05,
        0.0006338775856420398,
        0.0005624854820780456,
        0.00018276872287970036,
        0.00033243169309571385,
        0.0022026875521987677,
        0.0007810129318386316,
        0.009690996259450912,
        0.003097764914855361,
        0.0023879993241280317,
        0.0013314256211742759,
        3.863488382194191e-05,
        9.596831660019234e-05,
        0.0006763159180991352,
        0.0002563323068898171,
        0.0002563323068898171,
        0.0005279601318761706,
        0.0002800453221425414,
        3.1596624467056245e-05,
        8.473067282466218e-05,
        0.0001459497434552759,
        0.0036554504185914993
      ]
    },
    "tcav": {
      "name": "tcav",
      "global_rho": -0.3934493814407193,
      "per_concept": [
        0.04878048780487809,
        1.0,
        0.2682926829268293,
        0.4024390243902439,
        0.012195121951219523,
        0.6341463414634145,
        0.14634146341463417,
        1.0,
        1.0,
        0.9146341463414633,
        0.31707317073170727,
        0.3292682926829268,
        0.31707317073170727,
        0.24390243902439024,
        1.0,
        0.9878048780487805,
        0.7073170731707317,
        0.3414634146341463,
        0.9634146341463414,
        0.9878048780487805,
        0.6707317073170731,
        0.6707317073170731,
        0.975609756097561,
        0.1707317073170731,
        0.1585365853658537,
        0.853658536585366,
        0.8414634146341464,
        0.975609756097561
      ]
    },
    "cav_ablation": {
      "name": "cav_ablation",
      "global_rho": 0.024903869389583083,
      "per_concept": [
        0.0018834876827895641,
        0.009737900458276272,
        0.00012967133079655468,
        0.040727436542510986,
        0.0001219133409904316,
        0.16585542261600494,
        3.4196869819425046e-05,
        0.0006341029657050967,
        0.0005616393173113465,
        0.00018329464364796877,
        0.00033345239353366196,
        0.002205912722274661,
        0.0007825539214536548,
        0.009776445105671883,
        0.0031110963318496943,
        0.002393946051597595,
        0.0013317145640030503,
        3.869209103868343e-05,
        9.488486830377951e-05,
        0.0006774247740395367,
        0.00025683065177872777,
        0.00025683065177872777,
        0.0005295807495713234,
        0.000279357802355662,
        3.167500835843384e-05,
        8.464714483125135e-05,
        0.00014593118976335973,
        0.0036675636656582355
      ]
    },
    "probe_patch": {
      "name": "probe_patch",
      "global_rho": 0.16055671088813564,
      "per_concept": [
        0.004783247597515583,
        0.006863275542855263,
        0.0002021334512392059,
        0.06782383471727371,
        0.0003781802370212972,
        0.2051776796579361,
        5.8744113630382344e-05,
        0.0010598214576020837,
        0.0008787302649579942,
        0.0003769088943954557,
        0.0005937922978773713,
        0.0005955518572591245,
        0.0004228055477142334,
        0.018474511802196503,
        0.003136206418275833,
        0.004045763984322548,
        0.002184352371841669,
        0.00010608811135170981,
        0.0002341855870326981,
        0.0005127618787810206,
        0.000520426023285836,
        0.000520426023285836,
        0.0013477025786414742,
        0.0009126359946094453,
        0.00021242929506115615,
        0.0007404337520711124,
        6.78978904034011e-05,
        0.0031312608625739813
      ]
    }
  },
  "per_typology_hit": {
    "account_takeover": {
      "ics": 0.41666666666666663,
      "tcav": 0.375,
      "cav_ablation": 0.41666666666666663,
      "probe_patch": 0.47916666666666663
    },
    "card_testing": {
      "ics": 0.7083333333333333,
      "tcav": 0.3125,
      "cav_ablation": 0.7083333333333333,
      "probe_patch": 0.7604166666666667
    },
    "counterfeit_pos": {
      "ics": 0.5333333333333333,
      "tcav": 0.5933333333333333,
      "cav_ablation": 0.5333333333333333,
      "probe_patch": 0.5733333333333333
    },
    "enumeration_attack": {
      "ics": 0.7083333333333333,
      "tcav": 0.3125,
      "cav_ablation": 0.7083333333333333,
      "probe_patch": 0.7604166666666667
    },
    "first_party": null,
    "lost_stolen_pos": {
      "ics": 0.5733333333333333,
      "tcav": 0.47333333333333333,
      "cav_ablation": 0.5733333333333333,
      "probe_patch": 0.6
    },
    "stolen_card_cnp": {
      "ics": 0.4270833333333333,
      "tcav": 0.12499999999999997,
      "cav_ablation": 0.4270833333333333,
      "probe_patch": 0.5
    }
  },
  "audit": {
    "hookpoints": [
      "embed",
      "resid_post_L0",
      "resid_post_L1",
      "pooled"
    ],
    "auc": {
      "embed": [
        1.0,
        1.0,
        1.0,
        0.9965972222222221,
        0.6823793490460157,
        1.0,
        0.9970725995316159,
        1.0,
        0.9993103448275862,
        0.5967626633986928,
        0.9998257080610022,
        1.0,
        1.0,
        1.0,
        1.0,
        NaN,
        1.0,
        0.8597442658838748,
        0.8683535447761194,
        0.6162009963179553,
        0.96,
        0.96,
        0.92272,
        0.9238013698630136,
        0.6972704714640198,
        0.5896,
        0.5268998579545454,
        0.9935400516795865
      ],
      "resid_post_L0": [
        1.0,
        1.0,
        1.0,
        0.9938194444444445,
        0.7138047138047138,
        1.0,
        0.982728337236534,
        0.9977992957746479,
        0.9910344827586206,
        0.6195874183006536,
        0.9998257080610022,
        1.0,
        1.0,
        1.0,
        1.0,
        NaN,
        1.0,
        0.8666102791183642,
        0.839902052238806,
        0.6656559093206267,
        0.8983050847457626,
        0.8983050847457626,
        0.93072,
        0.9199486301369862,
        0.6443083126550868,
        0.62112,
        0.4777166193181818,
        0.998062015503876
      ],