{
  "name": "docs",
  "model_auc": 0.9639513223759922,
  "concept_names": [
    "card_not_present",
    "magstripe_fallback",
    "atm_withdrawal",
    "micro_amount",
    "round_amount",
    "amount_gt_500",
    "fenceable_mcc",
    "gift_card_mcc",
    "crypto_mcc",
    "foreign_country",
    "night_local",
    "is_declined",
    "do_not_honor",
    "cvv_failure",
    "avs_mismatch",
    "three_ds_failed",
    "pin_verified",
    "short_burst",
    "rapid_fire",
    "new_country",
    "new_device",
    "new_ip_subnet",
    "velocity_spike",
    "impossible_travel",
    "unusual_country",
    "on_holiday",
    "account_young",
    "amount_z_extreme"
  ],
  "concept_levels": [
    0,
    0,
    0,
    0,
    0,
    0,
    0,
    0,
    0,
    0,
    0,
    0,
    0,
    0,
    0,
    0,
    0,
    1,
    1,
    1,
    1,
    1,
    1,
    1,
    2,
    2,
    2,
    2
  ],
  "gt_global": [
    0.5060975609756098,
    0.13414634146341464,
    0.14634146341463414,
    0.31097560975609756,
    0.0,
    0.4695121951219512,
    0.1951219512195122,
    0.0,
    0.0,
    0.13414634146341464,
    0.0,
    0.0,
    0.0,
    0.31097560975609756,
    0.0,
    0.0,
    0.0,
    0.0,
    0.31097560975609756,
    0.0,
    0.12804878048780488,
    0.12804878048780488,
    0.14634146341463414,
    0.13414634146341464,
    0.3231707317073171,
    0.0,
    0.0,
    0.0
  ],
  "methods": {
    "ics": {
      "name": "ics",
      "global_rho": 0.23849117274259563,
      "per_concept": [
        0.003627992933616042,
        0.0006556276348419487,
        0.0005957288667559624,
        0.016999440267682076,
        0.00030795190832577646,
        0.06830386072397232,
        5.6549019063822925e-05,
        0.00026308125234209,
        0.0001862076169345528,
        0.00012197486648801714,
        0.0005812285235151649,
        0.0010625520953908563,
        0.0013747659977525473,
        0.0014862705720588565,
        0.0009687502752058208,
        0.002091808943077922,
        0.0011918285163119435,
        9.230460273101926e-05,
        0.00019502502982504666,
        0.00011452994658611715,
        0.0003199090133421123,
        0.0003199090133421123,
        0.0006876791594550014,
        0.000715519767254591,
        0.0001590470492374152,
        6.960992323001847e-05,
        0.00011677513248287141,
        0.0010904916562139988
      ]
    },
    "tcav": {
      "name": "tcav",
      "global_rho": -0.24660441894278753,
      "per_concept": [
        0.29268292682926833,
        0.7804878048780488,
        0.853658536585366,
        0.6829268292682926,
        1.0,
        0.2195121951219512,
        0.5365853658536586,
        0.8780487804878049,
        0.9634146341463414,
        0.9878048780487805,
        0.7195121951219512,
        0.8902439024390244,
        1.0,
        0.6097560975609757,
        0.2682926829268293,
        0.9878048780487805,
        0.7073170731707317,
        0.6341463414634146,
        0.9146341463414634,
        0.7682926829268293,
        0.19512195121951215,
        0.19512195121951215,
        0.975609756097561,
        0.7682926829268293,
        0.9512195121951219,
        0.18292682926829262,
        0.8780487804878048,
        1.0
      ]
    },
    "cav_ablation": {
      "name": "cav_ablation",
      "global_rho": 0.23849117274259563,
      "per_concept": [
        0.0036576720885932446,
        0.0006572364363819361,
        0.0005946040619164705,
        0.017716163769364357,
        0.0003078877052757889,
        0.07125462591648102,
        5.662055264110677e-05,
        0.0002627884969115257,
        0.00018609760445542634,
        0.00012199416960356757,
        0.000582175503950566,
        0.0010638441890478134,
        0.0013767901109531522,
        0.0014772103168070316,
        0.0009742671973071992,
        0.002092980779707432,
        0.0011899912497028708,
        9.230303840013221e-05,
        0.0001950106816366315,
        0.00011471929610706866,
        0.00032087371801026165,
        0.00032087371801026165,
        0.0006869895732961595,
        0.0007153688347898424,
        0.00015906227054074407,
        6.967285298742354e-05,
        0.00011686855577863753,
        0.001092608436010778
      ]
    },
    "probe_patch": {
      "name": "probe_patch",
      "global_rho": 0.3266801690515898,
      "per_concept": [
        0.011636994779109955,
        0.0015186539385467768,
        0.0008079080726020038,
        0.030977046117186546,
        0.0006165345548652112,
        0.11315322667360306,
        0.00010656283848220482,
        0.0005618223804049194,
        0.0003738631203304976,
        0.0007338406867347658,
        0.000789132434874773,
        0.0012418898986652493,
        0.0013744861353188753,
        0.005913013592362404,
        0.003244987688958645,
        0.003311087843030691,
        0.0023441424127668142,
        0.0002095246163662523,
        0.0004964785184711218,
        0.0003102309419773519,
        0.0005509572802111506,
        0.0005509572802111506,
        0.0011069697793573141,
        0.0011323494836688042,
        0.0008586622425355017,
        0.000400540855480358,
        9.511658572591841e-05,
        0.002079340862110257
      ]
    }
  },
  "per_typology_hit": {
    "account_takeover": {
      "ics": 0.5208333333333333,
      "tcav": 0.20833333333333331,
      "cav_ablation": 0.5208333333333333,
      "probe_patch": 0.5208333333333333
    },
    "card_testing": {
      "ics": 0.7916666666666666,
      "tcav": 0.3541666666666667,
      "cav_ablation": 0.7916666666666666,
      "probe_patch": 0.78125
    },
    "counterfeit_pos": {
      "ics": 0.45333333333333325,
      "tcav": 0.6266666666666667,
      "cav_ablation": 0.45333333333333325,
      "probe_patch": 0.5733333333333333
    },
    "enumeration_attack": {
      "ics": 0.7916666666666666,
      "tcav": 0.3541666666666667,
      "cav_ablation": 0.7916666666666666,
      "probe_patch": 0.78125
    },
    "first_party": null,
    "lost_stolen_pos": {
      "ics": 0.72,
      "tcav": 0.4933333333333333,
      "cav_ablation": 0.72,
      "probe_patch": 0.6933333333333334
    },
    "stolen_card_cnp": {
      "ics": 0.5416666666666666,
      "tcav": 0.29166666666666663,
      "cav_ablation": 0.5416666666666666,
      "probe_patch": 0.6354166666666666
    }
  },
  "audit": {
    "hookpoints": [
      "embed",
      "resid_post_L0",
      "resid_post_L1",
      "pooled"
    ],
    "auc": {
      "embed": [
        1.0,
        1.0,
        1.0,
        0.9947916666666667,
        0.6565656565656566,
        1.0,
        0.9967066744730679,
        1.0,
        0.9989655172413793,
        0.6121323529411764,
        0.9993028322440087,
        1.0,
        1.0,
        1.0,
        1.0,
        NaN,
        1.0,
        0.8615353997711329,
        0.8481809701492538,
        0.6180059201501695,
        0.9471186440677966,
        0.9471186440677966,
        0.9266399999999999,
        0.9053938356164384,
        0.7077388337468983,
        0.5876,
        0.5296519886363635,
        0.9927094868955334
      ],
      "resid_post_L0": [
        1.0,
        1.0,
        1.0,
        0.9886111111111111,
        0.6891133557800224,
        1.0,
        0.9837529274004684,
        0.9960387323943662,
        0.9979310344827587,
        0.6574244281045751,
        1.0,
        1.0,
        1.0,
        1.0,
        1.0,
        NaN,
        1.0,
        0.8710881138365093,
        0.8410680970149254,
        0.6915024185979352,
        0.9430508474576271,
        0.9430508474576271,
        0.9295200000000001,
        0.8720034246575342,
        0.6921526054590571,
        0.62,
        0.5134943181818181,
        0.9963086009597638
      ],